{"stats":{"minecraft:custom":{"minecraft:time_since_rest":51288,"minecraft:open_chest":11,"minecraft:crouch_one_cm":265,"minecraft:play_time":51288,"minecraft:sprint_one_cm":42095,"minecraft:walk_one_cm":70503,"minecraft:sneak_time":103,"minecraft:interact_with_anvil":2,"minecraft:jump":148,"minecraft:damage_dealt":10,"minecraft:leave_game":1,"minecraft:time_since_death":51288,"minecraft:interact_with_beacon":4,"minecraft:total_world_time":51288,"minecraft:fly_one_cm":117057},"minecraft:picked_up":{"minecraft:lead":1,"minecraft:wheat_seeds":1},"minecraft:used":{"minecraft:stone_bricks":5,"minecraft:oak_fence":33,"minecraft:white_wool":61,"minecraft:enchanting_table":1,"minecraft:dirt":26,"minecraft:anvil":1,"twilightforest:mossy_underbrick":17,"minecraft:red_bed":2,"minecraft:lantern":2,"minecraft:birch_sign":8,"twilightforest:giant_cobblestone":2,"minecraft:iron_golem_spawn_egg":2,"minecraft:gray_wool":1,"twilightforest:hollow_canopy_log":11,"twilightforest:twilight_oak_chest":5,"twilightforest:lich_tower_miniature_structure":1,"minecraft:beacon":1,"minecraft:gravel":2,"minecraft:soul_torch":2,"twilightforest:rainbow_oak_sapling":1}},"DataVersion":3465}